Timestamp_seconds,Gyro_X_s,Gyro_Y_s,Gyro_Z_s
1580420369.88808,3.81475547417404,-0.396734569314049,0.946059357595232
1580420369.89208,3.75371938658736,-0.396734569314049,0.885023270008332
1580420369.89609,3.50957503624022,-0.335698481727377,0.885023270008332
1580420369.90008,3.69268329900046,-0.51880674448762,0.823987182421661
1580420369.90407,3.57061112382689,-0.396734569314049,0.823987182421661
1580420369.90807,3.38750286106665,-0.396734569314049,0.885023270008332
1580420369.91206,3.44853894865332,-0.579842832074519,0.823987182421661
1580420369.91606,3.38750286106665,-0.579842832074519,0.946059357595232
1580420369.92005,3.38750286106665,-0.640878919661191,0.885023270008332
1580420369.92404,3.32646677347975,-0.70191500724809,0.885023270008332
1580420369.92804,3.20439459830618,-0.579842832074519,0.823987182421661
1580420369.93203,3.08232242313261,-0.51880674448762,0.762951094834762
1580420369.93603,2.83817807278547,-0.640878919661191,0.762951094834762
1580420369.94002,2.7771419851988,-0.640878919661191,0.762951094834762
1580420369.94402,2.47196154726475,-0.579842832074519,0.762951094834762
1580420369.94801,2.28885328450451,-0.51880674448762,0.640878919661191
1580420369.952,2.10574502174404,-0.579842832074519,0.762951094834762
1580420369.956,2.04470893415737,-0.579842832074519,0.70191500724809
1580420369.95999,1.9226367589838,-0.396734569314049,0.885023270008332
1580420369.96398,1.8616006713969,-0.457770656900948,0.823987182421661
1580420369.96798,1.67849240863666,-0.396734569314049,0.70191500724809
1580420369.97197,1.73952849622333,-0.335698481727377,0.70191500724809
1580420369.97598,1.55642023346309,-0.213626306553806,0.640878919661191
1580420369.97998,1.49538414587619,-0.152590218966907,0.579842832074519
1580420369.98397,1.43434805828952,-0.152590218966907,0.579842832074519
1580420369.98796,1.43434805828952,-0.091554131380235,0.457770656900948
1580420369.99196,1.19020370794237,-0.152590218966907,0.457770656900948
1580420369.99595,1.12916762035547,-0.091554131380235,0.579842832074519
1580420369.99995,0.885023270008332,-0.0305180437933359,0.396734569314049
1580420370.00394,0.762951094834762,-0.091554131380235,0.335698481727377
1580420370.00793,0.51880674448762,-0.152590218966907,0.335698481727377
1580420370.01193,0.579842832074519,0.0305180437933359,0.213626306553806
1580420370.01592,0.640878919661191,0.0305180437933359,0.152590218966907
1580420370.01992,0.640878919661191,0.152590218966907,0.152590218966907
1580420370.02391,0.70191500724809,0.091554131380235,0.213626306553806
1580420370.0279,0.762951094834762,0.152590218966907,0.335698481727377
1580420370.0319,0.762951094834762,0.152590218966907,0.274662394140478
1580420370.03589,0.762951094834762,0.091554131380235,0.213626306553806
1580420370.03989,0.640878919661191,0.152590218966907,0.152590218966907
1580420370.04388,0.579842832074519,0.091554131380235,0.213626306553806
1580420370.04787,0.396734569314049,0.091554131380235,0.213626306553806
1580420370.05187,0.152590218966907,0.213626306553806,0.152590218966907
1580420370.05585,-0.0305180437933359,0.335698481727377,0.213626306553806
1580420370.05984,-0.091554131380235,0.335698481727377,0.274662394140478
1580420370.06383,-0.152590218966907,0.274662394140478,0.091554131380235
1580420370.06783,-0.335698481727377,0.335698481727377,0.152590218966907
1580420370.07182,-0.335698481727377,0.335698481727377,0.091554131380235
1580420370.07582,-0.51880674448762,0.274662394140478,0.0305180437933359
1580420370.07981,-0.457770656900948,0.091554131380235,0.091554131380235
1580420370.0838,-0.335698481727377,0.0305180437933359,0.091554131380235
1580420370.0878,-0.396734569314049,0.0305180437933359,0.0305180437933359
1580420370.09179,-0.335698481727377,0.0305180437933359,0.091554131380235
1580420370.09579,-0.335698481727377,0.152590218966907,0.091554131380235
1580420370.09978,-0.396734569314049,0.0305180437933359,0.091554131380235
1580420370.10378,-0.335698481727377,0.091554131380235,0.0305180437933359
1580420370.10777,-0.335698481727377,0.091554131380235,0.0305180437933359
1580420370.11176,-0.51880674448762,-0.0305180437933359,0.091554131380235
1580420370.11576,-0.51880674448762,-0.0305180437933359,0.091554131380235
1580420370.11975,-0.579842832074519,0.0305180437933359,-0.0305180437933359
1580420370.12374,-0.640878919661191,-0.0305180437933359,0.0305180437933359
1580420370.12774,-0.823987182421661,0.0305180437933359,0.0305180437933359
1580420370.13173,-0.823987182421661,0.152590218966907,-0.0305180437933359
1580420370.13574,-0.70191500724809,0.152590218966907,0.0305180437933359
1580420370.13974,-0.70191500724809,0.091554131380235,0.091554131380235
1580420370.14373,-0.70191500724809,0.274662394140478,0.152590218966907
1580420370.14772,-0.579842832074519,0.213626306553806,0.091554131380235
1580420370.15172,-0.51880674448762,0.274662394140478,0.0305180437933359
1580420370.15571,-0.335698481727377,0.274662394140478,0.0305180437933359
1580420370.15971,-0.274662394140478,0.152590218966907,0.0305180437933359
1580420370.1637,-0.152590218966907,0.152590218966907,-0.0305180437933359
1580420370.16769,-0.274662394140478,0.213626306553806,0.091554131380235
1580420370.17169,-0.274662394140478,0.0305180437933359,0.091554131380235
1580420370.17568,-0.335698481727377,0.0305180437933359,-0.0305180437933359
1580420370.17968,-0.213626306553806,0.0305180437933359,-0.091554131380235
1580420370.18367,-0.0305180437933359,-0.0305180437933359,-0.0305180437933359
1580420370.18766,-0.0305180437933359,-0.091554131380235,-0.091554131380235
1580420370.19166,-0.091554131380235,-0.213626306553806,0.0305180437933359
1580420370.19565,-0.213626306553806,-0.152590218966907,0.152590218966907
1580420370.19965,-0.274662394140478,-0.213626306553806,0.152590218966907
1580420370.20364,-0.274662394140478,-0.213626306553806,0.213626306553806
1580420370.20763,-0.213626306553806,-0.213626306553806,0.213626306553806
1580420370.21163,-0.0305180437933359,-0.396734569314049,0.213626306553806
1580420370.21561,0.091554131380235,-0.396734569314049,0.213626306553806
1580420370.2196,0.0305180437933359,-0.579842832074519,0.213626306553806
1580420370.22359,0.213626306553806,-0.640878919661191,0.152590218966907
1580420370.22759,0.579842832074519,-0.762951094834762,0.213626306553806
1580420370.23158,0.51880674448762,-0.823987182421661,0.152590218966907
1580420370.23558,0.762951094834762,-0.70191500724809,0.274662394140478
1580420370.23957,1.0070954451819,-0.823987182421661,0.274662394140478
1580420370.24356,1.19020370794237,-0.885023270008332,0.335698481727377
1580420370.24756,1.25123979552905,-0.946059357595232,0.274662394140478
1580420370.25155,1.49538414587619,-0.946059357595232,0.335698481727377
1580420370.25555,1.67849240863666,-0.885023270008332,0.274662394140478
1580420370.25954,1.98367284657047,-0.823987182421661,0.274662394140478
1580420370.26353,2.34988937209118,-0.823987182421661,0.396734569314049
1580420370.26753,2.59403372243833,-0.823987182421661,0.335698481727377
1580420370.27152,3.02128633554594,-0.640878919661191,0.396734569314049
1580420370.27552,3.26543068589308,-0.51880674448762,0.396734569314049
1580420370.27951,3.44853894865332,-0.457770656900948,0.457770656900948
1580420370.2835,3.75371938658736,-0.335698481727377,0.396734569314049
1580420370.2875,3.81475547417404,-0.396734569314049,0.396734569314049
1580420370.29149,4.11993591210808,-0.274662394140478,0.51880674448762
1580420370.2955,4.30304417486832,-0.274662394140478,0.70191500724809
1580420370.29949,4.36408026245522,-0.274662394140478,0.640878919661191
1580420370.30349,4.54718852521546,-0.274662394140478,0.640878919661191
1580420370.30748,4.66926070038903,-0.274662394140478,0.762951094834762
1580420370.31148,4.73029678797593,-0.213626306553806,0.946059357595232
1580420370.31547,4.7913328755626,-0.274662394140478,1.0070954451819
1580420370.31946,4.97444113832307,-0.274662394140478,1.0070954451819
1580420370.32346,4.97444113832307,-0.335698481727377,1.0681315327688
1580420370.32745,4.97444113832307,-0.396734569314049,1.12916762035547
1580420370.33145,5.15754940108332,-0.213626306553806,1.0070954451819
1580420370.33544,5.09651331349664,-0.335698481727377,1.0681315327688
1580420370.33943,5.09651331349664,-0.213626306553806,1.0070954451819
1580420370.34343,4.91340505073617,-0.152590218966907,1.0070954451819
1580420370.34742,4.73029678797593,0.0305180437933359,0.946059357595232
1580420370.35142,4.66926070038903,0.0305180437933359,0.885023270008332
1580420370.35541,4.54718852521546,0.0305180437933359,0.885023270008332
1580420370.35941,4.36408026245522,0.091554131380235,0.885023270008332
1580420370.3634,4.18097199969475,0.152590218966907,0.823987182421661
1580420370.36739,3.99786373693451,0.0305180437933359,0.885023270008332
1580420370.37139,3.75371938658736,0.213626306553806,0.762951094834762
1580420370.37537,3.75371938658736,0.274662394140478,0.823987182421661
1580420370.37936,3.63164721141379,0.274662394140478,0.70191500724809
1580420370.38335,3.57061112382689,0.396734569314049,0.70191500724809
1580420370.38735,3.38750286106665,0.457770656900948,0.640878919661191
1580420370.39134,3.38750286106665,0.51880674448762,0.762951094834762
1580420370.39534,3.20439459830618,0.396734569314049,0.70191500724809
1580420370.39933,3.08232242313261,0.396734569314049,0.51880674448762
1580420370.40332,2.96025024795904,0.274662394140478,0.51880674448762
1580420370.40732,2.7771419851988,0.274662394140478,0.51880674448762
1580420370.41131,2.53299763485165,0.152590218966907,0.457770656900948
1580420370.41531,2.47196154726475,0.0305180437933359,0.579842832074519
1580420370.4193,2.16678110933094,-0.091554131380235,0.579842832074519
1580420370.42329,2.04470893415737,-0.213626306553806,0.579842832074519
1580420370.42729,1.9226367589838,-0.335698481727377,0.579842832074519
1580420370.43128,1.67849240863666,-0.213626306553806,0.579842832074519
1580420370.43528,1.55642023346309,-0.396734569314049,0.51880674448762
1580420370.43927,1.49538414587619,-0.335698481727377,0.51880674448762
1580420370.44326,1.37331197070262,-0.396734569314049,0.51880674448762
1580420370.44726,1.12916762035547,-0.335698481727377,0.579842832074519
1580420370.45125,1.12916762035547,-0.457770656900948,0.457770656900948
1580420370.45526,1.0070954451819,-0.51880674448762,0.457770656900948
1580420370.45925,0.885023270008332,-0.51880674448762,0.457770656900948
1580420370.46325,0.762951094834762,-0.640878919661191,0.457770656900948
1580420370.46724,0.579842832074519,-0.51880674448762,0.274662394140478
1580420370.47124,0.640878919661191,-0.457770656900948,0.213626306553806
1580420370.47523,0.51880674448762,-0.51880674448762,0.152590218966907
1580420370.47922,0.640878919661191,-0.70191500724809,0.0305180437933359
1580420370.48322,0.70191500724809,-0.457770656900948,0.0305180437933359
1580420370.48721,0.823987182421661,-0.396734569314049,0.0305180437933359
1580420370.49121,0.885023270008332,-0.51880674448762,-0.091554131380235
1580420370.4952,1.0681315327688,-0.51880674448762,-0.091554131380235
1580420370.49919,1.0681315327688,-0.579842832074519,-0.152590218966907
1580420370.50319,1.25123979552905,-0.640878919661191,-0.091554131380235
1580420370.50718,1.19020370794237,-0.579842832074519,-0.152590218966907
1580420370.51118,1.25123979552905,-0.457770656900948,0.0305180437933359
1580420370.51517,1.31227588311594,-0.457770656900948,-0.091554131380235
1580420370.51917,1.19020370794237,-0.51880674448762,-0.152590218966907
1580420370.52316,0.946059357595232,-0.457770656900948,-0.091554131380235
1580420370.52715,0.762951094834762,-0.457770656900948,-0.0305180437933359
1580420370.53115,0.640878919661191,-0.396734569314049,-0.091554131380235
1580420370.53513,0.457770656900948,-0.213626306553806,0.0305180437933359
1580420370.53912,0.335698481727377,-0.274662394140478,-0.0305180437933359
1580420370.54311,0.152590218966907,-0.152590218966907,-0.0305180437933359
1580420370.54711,-0.152590218966907,-0.213626306553806,0.0305180437933359
1580420370.5511,-0.274662394140478,-0.152590218966907,0.0305180437933359
1580420370.55509,-0.579842832074519,-0.091554131380235,-0.152590218966907
1580420370.55909,-0.823987182421661,-0.152590218966907,-0.091554131380235
1580420370.56308,-0.762951094834762,-0.274662394140478,-0.091554131380235
1580420370.56708,-0.823987182421661,-0.213626306553806,-0.213626306553806
1580420370.57107,-0.885023270008332,-0.091554131380235,-0.274662394140478
1580420370.57506,-0.946059357595232,-0.213626306553806,-0.091554131380235
1580420370.57906,-1.0070954451819,-0.274662394140478,-0.152590218966907
1580420370.58305,-1.0681315327688,-0.396734569314049,-0.091554131380235
1580420370.58705,-1.12916762035547,-0.51880674448762,-0.0305180437933359
1580420370.59104,-1.12916762035547,-0.396734569314049,-0.091554131380235
1580420370.59503,-1.0070954451819,-0.396734569314049,-0.0305180437933359
1580420370.59903,-0.885023270008332,-0.335698481727377,0.0305180437933359
1580420370.60302,-0.946059357595232,-0.335698481727377,0.152590218966907
1580420370.60702,-0.762951094834762,-0.396734569314049,0.091554131380235
1580420370.61101,-0.823987182421661,-0.457770656900948,0.091554131380235
1580420370.61502,-0.51880674448762,-0.396734569314049,0.091554131380235
1580420370.61901,-0.335698481727377,-0.213626306553806,0.091554131380235
1580420370.62301,-0.152590218966907,-0.213626306553806,0.0305180437933359
1580420370.627,0.213626306553806,-0.213626306553806,-0.0305180437933359
1580420370.631,0.213626306553806,-0.091554131380235,0.091554131380235
1580420370.63499,0.51880674448762,-0.0305180437933359,0.152590218966907
1580420370.63898,0.70191500724809,-0.152590218966907,0.152590218966907
1580420370.64298,0.885023270008332,-0.091554131380235,0.091554131380235
1580420370.64697,1.0070954451819,0.0305180437933359,0.152590218966907
1580420370.65097,1.12916762035547,-0.0305180437933359,0.213626306553806
1580420370.65496,1.37331197070262,-0.091554131380235,0.335698481727377
1580420370.65895,1.55642023346309,-0.152590218966907,0.274662394140478
1580420370.66295,1.67849240863666,-0.213626306553806,0.213626306553806
1580420370.66694,1.73952849622333,-0.335698481727377,0.213626306553806
1580420370.67094,1.8616006713969,-0.579842832074519,0.457770656900948
1580420370.67493,2.10574502174404,-0.640878919661191,0.396734569314049
1580420370.67892,2.28885328450451,-0.823987182421661,0.396734569314049
1580420370.68292,2.28885328450451,-0.823987182421661,0.51880674448762
1580420370.68691,2.47196154726475,-0.762951094834762,0.457770656900948
1580420370.69091,2.53299763485165,-0.823987182421661,0.457770656900948
1580420370.69489,2.65506981002522,-0.70191500724809,0.51880674448762
1580420370.69888,2.65506981002522,-0.762951094834762,0.396734569314049
1580420370.70287,2.53299763485165,-0.762951094834762,0.457770656900948
1580420370.70687,2.59403372243833,-0.640878919661191,0.51880674448762
1580420370.71086,2.59403372243833,-0.579842832074519,0.51880674448762
1580420370.71485,2.53299763485165,-0.70191500724809,0.640878919661191
1580420370.71885,2.53299763485165,-0.579842832074519,0.70191500724809
1580420370.72284,2.41092545967808,-0.396734569314049,0.70191500724809
1580420370.72684,2.47196154726475,-0.335698481727377,0.70191500724809
1580420370.73083,2.65506981002522,-0.213626306553806,0.70191500724809
1580420370.73482,2.7771419851988,-0.152590218966907,0.640878919661191
1580420370.73882,2.65506981002522,-0.213626306553806,0.823987182421661
1580420370.74281,2.83817807278547,-0.213626306553806,0.70191500724809
1580420370.74681,3.02128633554594,-0.274662394140478,0.640878919661191
1580420370.7508,2.7771419851988,-0.335698481727377,0.579842832074519
1580420370.75479,2.59403372243833,-0.396734569314049,0.51880674448762
1580420370.75879,2.65506981002522,-0.335698481727377,0.51880674448762
1580420370.76278,2.59403372243833,-0.335698481727377,0.579842832074519
1580420370.76678,2.59403372243833,-0.396734569314049,0.579842832074519
1580420370.77077,2.65506981002522,-0.274662394140478,0.762951094834762
1580420370.77478,2.65506981002522,-0.213626306553806,0.579842832074519
1580420370.77877,2.7161058976119,-0.213626306553806,0.51880674448762
1580420370.78277,2.7161058976119,-0.152590218966907,0.51880674448762
1580420370.78676,2.7161058976119,-0.0305180437933359,0.457770656900948
1580420370.79076,2.59403372243833,-0.152590218966907,0.51880674448762
1580420370.79475,2.47196154726475,-0.0305180437933359,0.579842832074519
1580420370.79874,2.53299763485165,0.0305180437933359,0.579842832074519
1580420370.80274,2.34988937209118,-0.091554131380235,0.762951094834762
1580420370.80673,2.10574502174404,-0.0305180437933359,0.70191500724809
1580420370.81073,2.04470893415737,0.091554131380235,0.70191500724809
1580420370.81472,1.9226367589838,-0.091554131380235,0.640878919661191
1580420370.81871,1.9226367589838,-0.091554131380235,0.762951094834762
1580420370.82271,1.80056458381023,-0.091554131380235,0.762951094834762
1580420370.8267,1.8616006713969,-0.091554131380235,0.762951094834762
1580420370.8307,1.8616006713969,-0.213626306553806,0.640878919661191
1580420370.83469,2.04470893415737,-0.274662394140478,0.70191500724809
1580420370.83868,2.16678110933094,-0.274662394140478,0.640878919661191
1580420370.84268,2.10574502174404,-0.274662394140478,0.70191500724809
1580420370.84667,2.04470893415737,-0.213626306553806,0.640878919661191
1580420370.85067,1.98367284657047,-0.335698481727377,0.51880674448762
1580420370.85464,1.9226367589838,-0.274662394140478,0.51880674448762
1580420370.85864,2.04470893415737,-0.335698481727377,0.457770656900948
1580420370.86263,1.98367284657047,-0.152590218966907,0.396734569314049
1580420370.86663,1.9226367589838,-0.091554131380235,0.457770656900948
1580420370.87062,1.9226367589838,-0.213626306553806,0.457770656900948
1580420370.87461,1.80056458381023,-0.213626306553806,0.51880674448762
1580420370.87861,1.61745632104976,-0.152590218966907,0.579842832074519
1580420370.8826,1.49538414587619,-0.091554131380235,0.51880674448762
1580420370.8866,1.49538414587619,0.091554131380235,0.579842832074519
1580420370.89059,1.37331197070262,0.091554131380235,0.579842832074519
1580420370.89458,1.31227588311594,0.091554131380235,0.579842832074519
1580420370.89858,1.19020370794237,0.0305180437933359,0.640878919661191
1580420370.90257,1.19020370794237,0.0305180437933359,0.640878919661191
1580420370.90657,1.0681315327688,-0.152590218966907,0.396734569314049
1580420370.91056,1.19020370794237,-0.152590218966907,0.457770656900948
1580420370.91455,1.0070954451819,-0.213626306553806,0.457770656900948
1580420370.91855,0.946059357595232,-0.335698481727377,0.396734569314049
1580420370.92254,1.0070954451819,-0.335698481727377,0.457770656900948
1580420370.92654,0.946059357595232,-0.274662394140478,0.396734569314049
1580420370.93053,1.0070954451819,-0.396734569314049,0.335698481727377
1580420370.93454,1.0070954451819,-0.396734569314049,0.396734569314049
1580420370.93853,1.0681315327688,-0.396734569314049,0.396734569314049
1580420370.94253,1.12916762035547,-0.335698481727377,0.51880674448762
1580420370.94652,1.19020370794237,-0.335698481727377,0.457770656900948
1580420370.95052,1.0070954451819,-0.335698481727377,0.51880674448762
1580420370.95451,0.946059357595232,-0.335698481727377,0.457770656900948
1580420370.9585,0.946059357595232,-0.457770656900948,0.51880674448762
1580420370.9625,1.0070954451819,-0.335698481727377,0.51880674448762
1580420370.96649,1.0070954451819,-0.396734569314049,0.640878919661191
1580420370.97048,1.25123979552905,-0.396734569314049,0.579842832074519
1580420370.97448,1.19020370794237,-0.457770656900948,0.579842832074519
1580420370.97847,1.0070954451819,-0.457770656900948,0.579842832074519
1580420370.98247,1.0070954451819,-0.457770656900948,0.70191500724809
1580420370.98646,1.12916762035547,-0.51880674448762,0.70191500724809
1580420370.99045,1.25123979552905,-0.51880674448762,0.640878919661191
1580420370.99445,1.31227588311594,-0.579842832074519,0.640878919661191
1580420370.99844,1.31227588311594,-0.579842832074519,0.579842832074519
1580420371.00244,1.49538414587619,-0.579842832074519,0.70191500724809
1580420371.00643,1.61745632104976,-0.579842832074519,0.70191500724809
1580420371.01042,1.61745632104976,-0.51880674448762,0.70191500724809
1580420371.0144,1.8616006713969,-0.51880674448762,0.640878919661191
1580420371.0184,1.8616006713969,-0.579842832074519,0.640878919661191
1580420371.02239,1.98367284657047,-0.51880674448762,0.70191500724809
1580420371.02639,2.10574502174404,-0.51880674448762,0.640878919661191
1580420371.03038,2.16678110933094,-0.396734569314049,0.70191500724809
1580420371.03437,2.10574502174404,-0.274662394140478,0.70191500724809
1580420371.03837,2.04470893415737,-0.274662394140478,0.640878919661191
1580420371.04236,2.16678110933094,-0.335698481727377,0.640878919661191
1580420371.04636,2.22781719691761,-0.274662394140478,0.823987182421661
1580420371.05035,2.28885328450451,-0.274662394140478,0.885023270008332
1580420371.05434,2.28885328450451,-0.335698481727377,0.823987182421661
1580420371.05834,2.34988937209118,-0.335698481727377,0.70191500724809
1580420371.06233,2.47196154726475,-0.335698481727377,0.762951094834762
1580420371.06633,2.34988937209118,-0.274662394140478,0.823987182421661
1580420371.07032,2.34988937209118,-0.396734569314049,0.762951094834762
1580420371.07431,2.41092545967808,-0.396734569314049,0.823987182421661
1580420371.07831,2.47196154726475,-0.457770656900948,0.762951094834762
1580420371.0823,2.41092545967808,-0.335698481727377,0.762951094834762
1580420371.0863,2.41092545967808,-0.274662394140478,0.70191500724809
1580420371.09029,2.41092545967808,-0.335698481727377,0.70191500724809
1580420371.0943,2.41092545967808,-0.152590218966907,0.70191500724809
1580420371.09829,2.22781719691761,-0.274662394140478,0.823987182421661
1580420371.10229,2.16678110933094,-0.213626306553806,0.885023270008332
1580420371.10628,2.10574502174404,-0.213626306553806,0.762951094834762
1580420371.11028,1.9226367589838,-0.213626306553806,0.823987182421661
1580420371.11427,1.80056458381023,-0.152590218966907,0.823987182421661
1580420371.11826,1.67849240863666,-0.152590218966907,0.823987182421661
1580420371.12226,1.67849240863666,-0.213626306553806,0.762951094834762
1580420371.12625,1.73952849622333,-0.274662394140478,0.823987182421661
1580420371.13024,1.73952849622333,-0.152590218966907,0.823987182421661
1580420371.13424,1.73952849622333,-0.274662394140478,0.885023270008332
1580420371.13823,1.80056458381023,-0.213626306553806,0.885023270008332
1580420371.14223,1.9226367589838,-0.091554131380235,0.823987182421661
1580420371.14622,1.9226367589838,-0.0305180437933359,0.946059357595232
1580420371.15021,1.9226367589838,-0.0305180437933359,0.823987182421661
1580420371.15421,1.80056458381023,0.0305180437933359,0.823987182421661
1580420371.1582,1.67849240863666,0.0305180437933359,0.823987182421661
1580420371.1622,1.49538414587619,-0.0305180437933359,0.762951094834762
1580420371.16619,1.61745632104976,0.0305180437933359,0.885023270008332
1580420371.17018,1.61745632104976,0.0305180437933359,0.946059357595232
1580420371.17416,1.49538414587619,0.0305180437933359,0.885023270008332
1580420371.17816,1.37331197070262,0.091554131380235,0.885023270008332
1580420371.18215,1.19020370794237,0.091554131380235,0.823987182421661
1580420371.18614,1.0070954451819,0.091554131380235,0.70191500724809
1580420371.19014,0.885023270008332,0.0305180437933359,0.640878919661191
1580420371.19413,0.70191500724809,0.0305180437933359,0.70191500724809
1580420371.19813,0.640878919661191,-0.152590218966907,0.51880674448762
1580420371.20212,0.457770656900948,-0.274662394140478,0.396734569314049
1580420371.20612,0.213626306553806,-0.274662394140478,0.335698481727377
1580420371.21011,0.091554131380235,-0.213626306553806,0.396734569314049
1580420371.2141,0.091554131380235,-0.152590218966907,0.335698481727377
1580420371.2181,-0.0305180437933359,-0.091554131380235,0.457770656900948
1580420371.22209,-0.0305180437933359,0.091554131380235,0.457770656900948
1580420371.22608,-0.091554131380235,0.213626306553806,0.457770656900948
1580420371.23008,-0.0305180437933359,0.396734569314049,0.640878919661191
1580420371.23407,-0.0305180437933359,0.457770656900948,0.70191500724809
1580420371.23807,-0.0305180437933359,0.457770656900948,0.823987182421661
1580420371.24206,-0.152590218966907,0.579842832074519,1.12916762035547
1580420371.24605,-0.091554131380235,0.579842832074519,1.31227588311594
1580420371.25005,0.0305180437933359,0.640878919661191,1.31227588311594
1580420371.25406,0.0305180437933359,0.579842832074519,1.37331197070262
1580420371.25805,0.091554131380235,0.51880674448762,1.55642023346309
1580420371.26205,0.213626306553806,0.640878919661191,1.55642023346309
1580420371.26604,0.274662394140478,0.396734569314049,1.49538414587619
1580420371.27003,0.396734569314049,0.213626306553806,1.43434805828952
1580420371.27403,0.579842832074519,-0.0305180437933359,1.37331197070262
1580420371.27802,0.579842832074519,0.0305180437933359,1.31227588311594
1580420371.28202,0.762951094834762,-0.0305180437933359,1.12916762035547
1580420371.28601,0.946059357595232,-0.213626306553806,1.0681315327688
1580420371.29,1.19020370794237,-0.0305180437933359,0.946059357595232
1580420371.294,1.25123979552905,-0.0305180437933359,0.946059357595232
1580420371.29799,1.37331197070262,-0.091554131380235,0.946059357595232
1580420371.30199,1.55642023346309,0.091554131380235,0.762951094834762
1580420371.30598,1.67849240863666,0.0305180437933359,0.885023270008332
1580420371.30997,1.80056458381023,0.0305180437933359,0.823987182421661
1580420371.31397,2.04470893415737,-0.091554131380235,0.762951094834762
1580420371.31796,2.22781719691761,-0.091554131380235,0.885023270008332
1580420371.32196,2.47196154726475,-0.152590218966907,0.70191500724809
1580420371.32595,2.53299763485165,-0.091554131380235,0.70191500724809
1580420371.32994,2.7161058976119,-0.091554131380235,0.640878919661191
1580420371.33392,2.96025024795904,-0.0305180437933359,0.640878919661191
1580420371.33792,3.02128633554594,-0.0305180437933359,0.70191500724809
1580420371.34191,3.08232242313261,-0.213626306553806,0.823987182421661
1580420371.3459,3.32646677347975,-0.091554131380235,0.946059357595232
1580420371.3499,3.26543068589308,-0.152590218966907,1.0070954451819
1580420371.35389,3.26543068589308,-0.396734569314049,1.12916762035547
1580420371.35789,3.32646677347975,-0.51880674448762,1.19020370794237
1580420371.36188,3.20439459830618,-0.70191500724809,1.31227588311594
1580420371.36588,3.08232242313261,-0.885023270008332,1.37331197070262
1580420371.36987,2.89921416037237,-0.885023270008332,1.37331197070262
1580420371.37386,2.7161058976119,-0.885023270008332,1.31227588311594
1580420371.37786,2.59403372243833,-0.946059357595232,1.25123979552905
1580420371.38185,2.53299763485165,-1.0070954451819,1.37331197070262
1580420371.38584,2.34988937209118,-0.885023270008332,1.19020370794237
1580420371.38984,2.34988937209118,-0.762951094834762,1.12916762035547
1580420371.39383,2.28885328450451,-0.823987182421661,1.0681315327688
1580420371.39783,2.10574502174404,-0.70191500724809,1.0681315327688
1580420371.40182,1.9226367589838,-0.70191500724809,1.0681315327688
1580420371.40581,1.80056458381023,-0.70191500724809,1.0681315327688
1580420371.40981,1.49538414587619,-0.762951094834762,0.885023270008332
1580420371.41382,1.55642023346309,-0.762951094834762,0.823987182421661
1580420371.41781,1.49538414587619,-0.640878919661191,1.0070954451819
1580420371.42181,1.61745632104976,-0.70191500724809,1.0681315327688
1580420371.4258,1.61745632104976,-0.762951094834762,0.946059357595232
1580420371.42979,1.55642023346309,-0.762951094834762,0.885023270008332
1580420371.43379,1.73952849622333,-0.579842832074519,0.762951094834762
1580420371.43778,1.8616006713969,-0.396734569314049,0.946059357595232
1580420371.44178,1.98367284657047,-0.51880674448762,0.823987182421661
1580420371.44577,1.9226367589838,-0.457770656900948,0.823987182421661
1580420371.44976,1.80056458381023,-0.457770656900948,0.762951094834762
1580420371.45376,1.73952849622333,-0.51880674448762,0.885023270008332
1580420371.45775,1.67849240863666,-0.396734569314049,0.762951094834762
1580420371.46175,1.61745632104976,-0.396734569314049,0.885023270008332
1580420371.46574,1.55642023346309,-0.457770656900948,0.70191500724809
1580420371.46973,1.37331197070262,-0.396734569314049,0.70191500724809
1580420371.47373,1.25123979552905,-0.274662394140478,0.640878919661191
1580420371.47772,1.31227588311594,-0.0305180437933359,0.70191500724809
1580420371.48172,1.19020370794237,-0.213626306553806,0.640878919661191
1580420371.48571,1.12916762035547,-0.274662394140478,0.51880674448762
1580420371.4897,1.19020370794237,-0.213626306553806,0.640878919661191
1580420371.49368,1.19020370794237,-0.335698481727377,0.640878919661191
1580420371.49768,1.19020370794237,-0.274662394140478,0.640878919661191
1580420371.50167,1.19020370794237,-0.51880674448762,0.70191500724809
1580420371.50566,1.0681315327688,-0.579842832074519,0.640878919661191
1580420371.50966,1.0681315327688,-0.640878919661191,0.762951094834762
1580420371.51365,1.0070954451819,-0.762951094834762,0.762951094834762
1580420371.51765,0.946059357595232,-0.762951094834762,0.640878919661191
1580420371.52164,1.0681315327688,-0.762951094834762,0.640878919661191
1580420371.52563,1.0070954451819,-0.640878919661191,0.640878919661191
1580420371.52963,0.946059357595232,-0.640878919661191,0.640878919661191
1580420371.53362,0.823987182421661,-0.70191500724809,0.51880674448762
1580420371.53762,0.885023270008332,-0.70191500724809,0.457770656900948
1580420371.54161,0.762951094834762,-0.579842832074519,0.51880674448762
1580420371.5456,0.640878919661191,-0.457770656900948,0.579842832074519
1580420371.5496,0.457770656900948,-0.335698481727377,0.51880674448762
1580420371.55359,0.396734569314049,-0.396734569314049,0.457770656900948
1580420371.55759,0.274662394140478,-0.274662394140478,0.396734569314049
1580420371.56158,0.274662394140478,-0.396734569314049,0.51880674448762
1580420371.56557,0.274662394140478,-0.396734569314049,0.51880674448762
1580420371.56957,0.213626306553806,-0.335698481727377,0.51880674448762
1580420371.57358,0.396734569314049,-0.335698481727377,0.579842832074519
1580420371.57757,0.579842832074519,-0.274662394140478,0.70191500724809
1580420371.58156,0.579842832074519,-0.335698481727377,0.579842832074519
1580420371.58556,0.579842832074519,-0.396734569314049,0.579842832074519
1580420371.58955,0.823987182421661,-0.396734569314049,0.579842832074519
1580420371.59355,0.946059357595232,-0.457770656900948,0.70191500724809
1580420371.59754,1.12916762035547,-0.457770656900948,0.70191500724809
1580420371.60153,1.31227588311594,-0.457770656900948,0.762951094834762
1580420371.60553,1.31227588311594,-0.457770656900948,0.946059357595232
1580420371.60952,1.43434805828952,-0.396734569314049,0.762951094834762
1580420371.61352,1.55642023346309,-0.457770656900948,0.762951094834762
1580420371.61751,1.61745632104976,-0.457770656900948,0.70191500724809
1580420371.62151,1.67849240863666,-0.457770656900948,0.70191500724809
1580420371.6255,1.80056458381023,-0.579842832074519,0.823987182421661
1580420371.62949,1.80056458381023,-0.51880674448762,0.762951094834762
1580420371.63349,1.8616006713969,-0.51880674448762,0.823987182421661
1580420371.63748,1.80056458381023,-0.579842832074519,0.823987182421661
1580420371.64147,1.8616006713969,-0.640878919661191,0.762951094834762
1580420371.64547,1.98367284657047,-0.762951094834762,0.762951094834762
1580420371.64946,2.04470893415737,-0.640878919661191,0.823987182421661
1580420371.65344,2.16678110933094,-0.640878919661191,0.762951094834762
1580420371.65744,2.34988937209118,-0.579842832074519,0.823987182421661
1580420371.66143,2.41092545967808,-0.640878919661191,0.823987182421661
1580420371.66542,2.34988937209118,-0.70191500724809,0.70191500724809
1580420371.66942,2.41092545967808,-0.70191500724809,0.640878919661191
1580420371.67341,2.34988937209118,-0.70191500724809,0.762951094834762
1580420371.67741,2.47196154726475,-0.640878919661191,0.762951094834762
1580420371.6814,2.59403372243833,-0.579842832074519,0.70191500724809
1580420371.68539,2.47196154726475,-0.51880674448762,0.640878919661191
1580420371.68939,2.41092545967808,-0.51880674448762,0.579842832074519
1580420371.69338,2.41092545967808,-0.579842832074519,0.51880674448762
1580420371.69738,2.59403372243833,-0.457770656900948,0.457770656900948
1580420371.70137,2.41092545967808,-0.396734569314049,0.396734569314049
1580420371.70536,2.41092545967808,-0.274662394140478,0.457770656900948
1580420371.70936,2.34988937209118,-0.213626306553806,0.396734569314049
1580420371.71335,2.34988937209118,-0.091554131380235,0.396734569314049
1580420371.71735,2.22781719691761,-0.091554131380235,0.335698481727377
1580420371.72134,2.16678110933094,-0.0305180437933359,0.51880674448762
1580420371.72533,1.8616006713969,0.0305180437933359,0.51880674448762
1580420371.72933,1.67849240863666,0.0305180437933359,0.640878919661191
1580420371.73334,1.49538414587619,0.0305180437933359,0.51880674448762
1580420371.73733,1.25123979552905,0.0305180437933359,0.51880674448762
1580420371.74132,0.946059357595232,0.0305180437933359,0.396734569314049
1580420371.74532,0.762951094834762,0.0305180437933359,0.457770656900948
1580420371.74931,0.51880674448762,-0.0305180437933359,0.335698481727377
1580420371.75331,0.335698481727377,-0.091554131380235,0.457770656900948
1580420371.7573,0.274662394140478,-0.213626306553806,0.457770656900948
1580420371.76129,0.0305180437933359,-0.335698481727377,0.396734569314049
1580420371.76529,-0.091554131380235,-0.335698481727377,0.274662394140478
1580420371.76928,-0.213626306553806,-0.396734569314049,0.335698481727377
1580420371.77328,-0.274662394140478,-0.396734569314049,0.335698481727377
1580420371.77727,-0.152590218966907,-0.457770656900948,0.335698481727377
1580420371.78127,-0.213626306553806,-0.640878919661191,0.335698481727377
1580420371.78526,-0.274662394140478,-0.70191500724809,0.335698481727377
1580420371.78925,-0.091554131380235,-0.70191500724809,0.457770656900948
1580420371.79325,-0.0305180437933359,-0.70191500724809,0.396734569314049
1580420371.79724,0.0305180437933359,-0.70191500724809,0.335698481727377
1580420371.80123,0.091554131380235,-0.640878919661191,0.457770656900948
1580420371.80523,0.091554131380235,-0.762951094834762,0.579842832074519
1580420371.80922,0.213626306553806,-0.70191500724809,0.457770656900948
1580420371.8132,0.335698481727377,-0.579842832074519,0.396734569314049
1580420371.8172,0.51880674448762,-0.51880674448762,0.396734569314049
1580420371.82119,0.579842832074519,-0.396734569314049,0.457770656900948
1580420371.82518,0.762951094834762,-0.457770656900948,0.579842832074519
1580420371.82918,0.946059357595232,-0.457770656900948,0.457770656900948
1580420371.83317,0.946059357595232,-0.274662394140478,0.396734569314049
1580420371.83716,1.25123979552905,-0.335698481727377,0.51880674448762
1580420371.84116,1.31227588311594,-0.274662394140478,0.396734569314049
1580420371.84515,1.43434805828952,-0.213626306553806,0.396734569314049
1580420371.84915,1.49538414587619,-0.396734569314049,0.274662394140478
1580420371.85314,1.61745632104976,-0.396734569314049,0.396734569314049
1580420371.85713,1.67849240863666,-0.457770656900948,0.396734569314049
1580420371.86113,1.80056458381023,-0.274662394140478,0.335698481727377
1580420371.86512,1.80056458381023,-0.213626306553806,0.335698481727377
1580420371.86912,1.8616006713969,-0.274662394140478,0.274662394140478
1580420371.87311,1.98367284657047,-0.335698481727377,0.457770656900948
1580420371.8771,1.98367284657047,-0.396734569314049,0.51880674448762
1580420371.8811,1.9226367589838,-0.51880674448762,0.457770656900948
1580420371.88509,1.73952849622333,-0.51880674448762,0.457770656900948
1580420371.88909,1.67849240863666,-0.640878919661191,0.457770656900948
1580420371.8931,1.61745632104976,-0.640878919661191,0.70191500724809
1580420371.89709,1.31227588311594,-0.70191500724809,0.579842832074519
1580420371.90108,1.43434805828952,-0.70191500724809,0.579842832074519
1580420371.90508,1.43434805828952,-0.640878919661191,0.579842832074519
1580420371.90907,1.31227588311594,-0.823987182421661,0.51880674448762
1580420371.91307,1.31227588311594,-0.762951094834762,0.51880674448762
1580420371.91706,1.25123979552905,-0.762951094834762,0.640878919661191
1580420371.92105,1.12916762035547,-0.762951094834762,0.396734569314049
1580420371.92505,1.12916762035547,-0.762951094834762,0.457770656900948
1580420371.92904,1.0681315327688,-0.885023270008332,0.457770656900948
1580420371.93304,1.19020370794237,-0.823987182421661,0.396734569314049
1580420371.93703,1.12916762035547,-0.762951094834762,0.457770656900948
1580420371.94102,1.19020370794237,-0.640878919661191,0.51880674448762
1580420371.94502,1.31227588311594,-0.51880674448762,0.396734569314049
1580420371.94901,1.37331197070262,-0.396734569314049,0.51880674448762
1580420371.95301,1.43434805828952,-0.274662394140478,0.51880674448762
1580420371.957,1.67849240863666,-0.213626306553806,0.579842832074519
1580420371.96099,1.67849240863666,-0.152590218966907,0.51880674448762
1580420371.96499,1.80056458381023,-0.0305180437933359,0.579842832074519
1580420371.96898,1.73952849622333,0.091554131380235,0.51880674448762
1580420371.97296,1.9226367589838,0.152590218966907,0.51880674448762
1580420371.97695,1.9226367589838,0.091554131380235,0.579842832074519
1580420371.98095,1.8616006713969,0.213626306553806,0.457770656900948
1580420371.98494,2.16678110933094,0.213626306553806,0.51880674448762
1580420371.98894,2.22781719691761,0.213626306553806,0.457770656900948
1580420371.99293,2.04470893415737,0.274662394140478,0.457770656900948
1580420371.99692,2.04470893415737,0.274662394140478,0.396734569314049
1580420372.00092,2.10574502174404,0.152590218966907,0.396734569314049
1580420372.00491,2.04470893415737,0.091554131380235,0.457770656900948
1580420372.00891,1.98367284657047,0.152590218966907,0.457770656900948
1580420372.0129,1.8616006713969,0.091554131380235,0.335698481727377
1580420372.01689,1.80056458381023,0.213626306553806,0.335698481727377
1580420372.02089,1.55642023346309,0.152590218966907,0.335698481727377
1580420372.02488,1.37331197070262,0.152590218966907,0.457770656900948
1580420372.02888,1.37331197070262,0.274662394140478,0.457770656900948
1580420372.03287,1.12916762035547,0.213626306553806,0.335698481727377
1580420372.03686,1.0070954451819,0.213626306553806,0.335698481727377
1580420372.04086,1.0070954451819,0.152590218966907,0.457770656900948
1580420372.04485,0.885023270008332,0.213626306553806,0.457770656900948
1580420372.04885,0.885023270008332,0.0305180437933359,0.396734569314049
1580420372.05283,0.762951094834762,0.152590218966907,0.457770656900948
1580420372.05682,0.579842832074519,0.091554131380235,0.457770656900948
1580420372.06081,0.579842832074519,0.0305180437933359,0.396734569314049
1580420372.06481,0.579842832074519,-0.152590218966907,0.335698481727377
1580420372.0688,0.579842832074519,-0.213626306553806,0.457770656900948
1580420372.07279,0.640878919661191,-0.213626306553806,0.579842832074519
1580420372.07679,0.762951094834762,-0.335698481727377,0.457770656900948
1580420372.08078,0.762951094834762,-0.335698481727377,0.457770656900948
1580420372.08478,0.823987182421661,-0.396734569314049,0.457770656900948
1580420372.08877,0.823987182421661,-0.457770656900948,0.396734569314049
1580420372.09276,1.0070954451819,-0.396734569314049,0.457770656900948
1580420372.09676,1.0681315327688,-0.274662394140478,0.640878919661191
1580420372.10075,1.12916762035547,-0.274662394140478,0.457770656900948
1580420372.10475,1.19020370794237,-0.213626306553806,0.51880674448762
1580420372.10874,1.37331197070262,-0.213626306553806,0.457770656900948
1580420372.11274,1.25123979552905,-0.091554131380235,0.274662394140478
1580420372.11673,1.31227588311594,-0.152590218966907,0.457770656900948
1580420372.12072,1.25123979552905,-0.0305180437933359,0.51880674448762
1580420372.12472,1.31227588311594,-0.152590218966907,0.457770656900948
1580420372.12871,1.31227588311594,-0.274662394140478,0.457770656900948
1580420372.13272,1.19020370794237,-0.152590218966907,0.51880674448762
1580420372.13671,1.12916762035547,-0.335698481727377,0.396734569314049
1580420372.14071,1.0070954451819,-0.335698481727377,0.274662394140478
1580420372.1447,1.12916762035547,-0.335698481727377,0.335698481727377
1580420372.1487,1.19020370794237,-0.213626306553806,0.274662394140478
1580420372.15269,1.19020370794237,-0.274662394140478,0.274662394140478
1580420372.15668,1.0681315327688,-0.274662394140478,0.274662394140478
1580420372.16068,1.0070954451819,-0.274662394140478,0.213626306553806
1580420372.16467,1.0681315327688,-0.274662394140478,0.213626306553806
1580420372.16867,1.0070954451819,-0.335698481727377,0.274662394140478
1580420372.17266,1.0070954451819,-0.396734569314049,0.335698481727377
1580420372.17665,0.946059357595232,-0.396734569314049,0.274662394140478
1580420372.18065,0.70191500724809,-0.457770656900948,0.274662394140478
1580420372.18464,0.579842832074519,-0.396734569314049,0.335698481727377
1580420372.18864,0.640878919661191,-0.213626306553806,0.335698481727377
1580420372.19263,0.457770656900948,-0.213626306553806,0.51880674448762
1580420372.19662,0.396734569314049,-0.152590218966907,0.51880674448762
1580420372.20062,0.457770656900948,-0.152590218966907,0.51880674448762
1580420372.20461,0.579842832074519,-0.152590218966907,0.51880674448762
1580420372.20861,0.579842832074519,-0.152590218966907,0.457770656900948
1580420372.21258,0.51880674448762,-0.213626306553806,0.457770656900948
1580420372.21658,0.457770656900948,-0.213626306553806,0.274662394140478
1580420372.22057,0.579842832074519,-0.213626306553806,0.335698481727377
1580420372.22457,0.640878919661191,-0.213626306553806,0.396734569314049
1580420372.22856,0.762951094834762,-0.152590218966907,0.274662394140478
1580420372.23255,0.70191500724809,-0.091554131380235,0.396734569314049
1580420372.23655,0.70191500724809,-0.091554131380235,0.213626306553806
1580420372.24054,0.823987182421661,0.0305180437933359,0.152590218966907
1580420372.24454,0.885023270008332,0.152590218966907,0.091554131380235
1580420372.24853,1.0070954451819,0.152590218966907,0.091554131380235
1580420372.25252,1.12916762035547,0.335698481727377,0.274662394140478
1580420372.25652,1.0070954451819,0.396734569314049,0.335698481727377
1580420372.26051,0.946059357595232,0.396734569314049,0.396734569314049
1580420372.26451,0.70191500724809,0.70191500724809,0.51880674448762
1580420372.2685,0.762951094834762,0.70191500724809,0.396734569314049
1580420372.2725,0.762951094834762,0.70191500724809,0.396734569314049
1580420372.27649,0.762951094834762,0.640878919661191,0.457770656900948
1580420372.28048,0.579842832074519,0.640878919661191,0.457770656900948
1580420372.28448,0.335698481727377,0.51880674448762,0.396734569314049
1580420372.28847,0.091554131380235,0.457770656900948,0.274662394140478
1580420372.29248,-0.152590218966907,0.335698481727377,0.091554131380235
1580420372.29647,-0.091554131380235,0.274662394140478,0.152590218966907
1580420372.30047,-0.396734569314049,0.335698481727377,0.152590218966907
1580420372.30446,-0.51880674448762,0.274662394140478,0.0305180437933359
1580420372.30846,-0.946059357595232,0.152590218966907,0.0305180437933359
1580420372.31245,-0.946059357595232,0.091554131380235,-0.213626306553806
1580420372.31644,-0.885023270008332,0.0305180437933359,-0.213626306553806
1580420372.32044,-0.762951094834762,0.091554131380235,-0.213626306553806
1580420372.32443,-0.640878919661191,0.091554131380235,-0.213626306553806
1580420372.32843,-0.762951094834762,0.091554131380235,-0.0305180437933359
1580420372.33242,-0.579842832074519,0.213626306553806,0.0305180437933359
1580420372.33641,-0.51880674448762,0.274662394140478,-0.0305180437933359
1580420372.34041,-0.335698481727377,0.457770656900948,0.091554131380235
1580420372.3444,-0.274662394140478,0.640878919661191,0.152590218966907
1580420372.3484,-0.335698481727377,0.640878919661191,0.274662394140478
1580420372.35239,-0.0305180437933359,0.762951094834762,0.335698481727377
1580420372.35638,0.091554131380235,0.762951094834762,0.274662394140478
1580420372.36038,0.335698481727377,0.823987182421661,0.274662394140478
1580420372.36437,0.457770656900948,0.762951094834762,0.335698481727377
1580420372.36837,0.457770656900948,0.762951094834762,0.335698481727377
1580420372.37238,0.579842832074519,0.70191500724809,0.213626306553806
1580420372.37637,0.640878919661191,0.640878919661191,0.213626306553806
1580420372.38036,0.823987182421661,0.396734569314049,0.213626306553806
1580420372.38436,0.823987182421661,0.274662394140478,0.274662394140478
1580420372.38835,0.885023270008332,0.274662394140478,0.091554131380235
1580420372.39234,1.12916762035547,0.335698481727377,0.152590218966907
1580420372.39634,1.19020370794237,0.335698481727377,0.213626306553806
1580420372.40033,1.37331197070262,0.335698481727377,0.213626306553806
1580420372.40433,1.31227588311594,0.213626306553806,0.274662394140478
1580420372.40832,1.19020370794237,0.213626306553806,0.152590218966907
1580420372.41231,1.25123979552905,0.274662394140478,0.091554131380235
1580420372.41631,1.37331197070262,0.152590218966907,0.213626306553806
1580420372.4203,1.43434805828952,0.152590218966907,0.274662394140478
1580420372.4243,1.31227588311594,0.0305180437933359,0.152590218966907
1580420372.42829,1.25123979552905,0.0305180437933359,0.213626306553806
1580420372.43228,1.19020370794237,0.0305180437933359,0.152590218966907
1580420372.43628,1.19020370794237,-0.0305180437933359,0.152590218966907
1580420372.44027,1.0681315327688,-0.213626306553806,0.274662394140478
1580420372.44427,0.946059357595232,-0.213626306553806,0.335698481727377
1580420372.44826,1.19020370794237,-0.274662394140478,0.396734569314049
1580420372.45224,1.12916762035547,-0.457770656900948,0.396734569314049
1580420372.45623,1.19020370794237,-0.579842832074519,0.457770656900948
1580420372.46023,1.25123979552905,-0.457770656900948,0.457770656900948
1580420372.46422,1.25123979552905,-0.457770656900948,0.51880674448762
1580420372.46822,1.37331197070262,-0.579842832074519,0.51880674448762
1580420372.47221,1.31227588311594,-0.640878919661191,0.457770656900948
1580420372.4762,1.12916762035547,-0.579842832074519,0.579842832074519
1580420372.4802,1.12916762035547,-0.51880674448762,0.396734569314049
1580420372.48419,1.12916762035547,-0.51880674448762,0.335698481727377
1580420372.48819,1.19020370794237,-0.640878919661191,0.213626306553806
1580420372.49218,1.0681315327688,-0.51880674448762,0.152590218966907
1580420372.49617,1.0070954451819,-0.457770656900948,0.213626306553806
1580420372.50017,0.946059357595232,-0.51880674448762,0.274662394140478
1580420372.50416,1.0070954451819,-0.579842832074519,0.091554131380235
1580420372.50815,0.946059357595232,-0.70191500724809,0.152590218966907
1580420372.51215,1.0070954451819,-0.70191500724809,0.274662394140478
1580420372.51614,1.0681315327688,-0.70191500724809,0.335698481727377
1580420372.52014,1.0681315327688,-0.640878919661191,0.396734569314049
1580420372.52413,1.0681315327688,-0.640878919661191,0.213626306553806
1580420372.52813,1.12916762035547,-0.640878919661191,0.335698481727377
1580420372.53214,1.31227588311594,-0.579842832074519,0.396734569314049
1580420372.53613,1.55642023346309,-0.51880674448762,0.335698481727377
1580420372.54012,1.67849240863666,-0.396734569314049,0.396734569314049
1580420372.54412,1.73952849622333,-0.457770656900948,0.335698481727377
1580420372.54811,1.9226367589838,-0.335698481727377,0.396734569314049
1580420372.5521,1.8616006713969,-0.396734569314049,0.335698481727377
1580420372.5561,1.80056458381023,-0.274662394140478,0.396734569314049
1580420372.56009,1.9226367589838,-0.274662394140478,0.457770656900948
1580420372.56409,1.8616006713969,-0.274662394140478,0.396734569314049
1580420372.56808,1.8616006713969,-0.0305180437933359,0.396734569314049
1580420372.57207,1.67849240863666,0.152590218966907,0.274662394140478
1580420372.57607,1.67849240863666,0.335698481727377,0.213626306553806
1580420372.58006,1.55642023346309,0.274662394140478,0.274662394140478
1580420372.58406,1.55642023346309,0.335698481727377,0.396734569314049
1580420372.58805,1.61745632104976,0.396734569314049,0.152590218966907
1580420372.59204,1.67849240863666,0.335698481727377,0.274662394140478
1580420372.59604,1.67849240863666,0.274662394140478,0.335698481727377
1580420372.60003,1.73952849622333,0.152590218966907,0.274662394140478
1580420372.60403,1.67849240863666,0.152590218966907,0.335698481727377
1580420372.60802,1.73952849622333,0.091554131380235,0.335698481727377
1580420372.61203,1.8616006713969,0.152590218966907,0.274662394140478
1580420372.61602,1.9226367589838,0.152590218966907,0.274662394140478
1580420372.62002,1.98367284657047,0.213626306553806,0.335698481727377
1580420372.62401,1.98367284657047,0.213626306553806,0.396734569314049
1580420372.62801,1.98367284657047,0.396734569314049,0.274662394140478
1580420372.632,1.98367284657047,0.396734569314049,0.335698481727377
1580420372.63599,1.8616006713969,0.396734569314049,0.457770656900948
1580420372.63999,1.80056458381023,0.457770656900948,0.51880674448762
1580420372.64398,1.49538414587619,0.579842832074519,0.51880674448762
1580420372.64798,1.31227588311594,0.396734569314049,0.457770656900948
1580420372.65197,1.12916762035547,0.457770656900948,0.457770656900948
1580420372.65596,0.946059357595232,0.457770656900948,0.152590218966907
1580420372.65996,0.885023270008332,0.396734569314049,0.091554131380235
1580420372.66395,0.823987182421661,0.335698481727377,0.152590218966907
1580420372.66794,0.70191500724809,0.274662394140478,0.091554131380235
1580420372.67194,0.579842832074519,0.274662394140478,0.152590218966907
1580420372.67593,0.457770656900948,0.213626306553806,0.152590218966907
1580420372.67993,0.396734569314049,0.152590218966907,-0.0305180437933359
1580420372.68392,0.213626306553806,0.152590218966907,-0.0305180437933359
1580420372.68791,0.152590218966907,0.213626306553806,0.0305180437933359
1580420372.69189,0.152590218966907,0.213626306553806,-0.0305180437933359
1580420372.69589,0.152590218966907,0.213626306553806,-0.152590218966907
1580420372.69988,0.152590218966907,0.396734569314049,-0.274662394140478
1580420372.70388,0.152590218966907,0.457770656900948,-0.152590218966907
1580420372.70787,0.213626306553806,0.51880674448762,-0.091554131380235
1580420372.71186,0.335698481727377,0.640878919661191,-0.152590218966907
1580420372.71586,0.396734569314049,0.51880674448762,-0.152590218966907
1580420372.71985,0.396734569314049,0.51880674448762,-0.0305180437933359
1580420372.72385,0.396734569314049,0.335698481727377,0.0305180437933359
1580420372.72784,0.396734569314049,0.213626306553806,0.0305180437933359
1580420372.73183,0.396734569314049,0.091554131380235,0.274662394140478
1580420372.73583,0.335698481727377,-0.091554131380235,0.274662394140478
1580420372.73982,0.335698481727377,-0.213626306553806,0.274662394140478
1580420372.74382,0.396734569314049,-0.396734569314049,0.213626306553806
1580420372.74781,0.335698481727377,-0.396734569314049,0.274662394140478
1580420372.7518,0.51880674448762,-0.457770656900948,0.274662394140478
1580420372.7558,0.70191500724809,-0.51880674448762,0.213626306553806
1580420372.75979,0.823987182421661,-0.70191500724809,0.213626306553806
1580420372.76379,0.762951094834762,-0.70191500724809,0.213626306553806
1580420372.76778,0.885023270008332,-0.762951094834762,-0.0305180437933359
1580420372.77179,1.19020370794237,-0.762951094834762,0.0305180437933359
1580420372.77578,1.37331197070262,-0.762951094834762,-0.091554131380235
1580420372.77978,1.37331197070262,-0.946059357595232,-0.0305180437933359
1580420372.78377,1.49538414587619,-0.823987182421661,0.0305180437933359
1580420372.78777,1.55642023346309,-0.885023270008332,0.0305180437933359
1580420372.79176,1.73952849622333,-0.762951094834762,0.0305180437933359
1580420372.79575,1.8616006713969,-0.885023270008332,0.091554131380235
1580420372.79975,2.04470893415737,-1.12916762035547,0.274662394140478
1580420372.80374,2.16678110933094,-1.12916762035547,0.335698481727377
1580420372.80773,2.34988937209118,-1.0681315327688,0.335698481727377
1580420372.81173,2.65506981002522,-1.12916762035547,0.396734569314049
1580420372.81572,2.7161058976119,-1.0681315327688,0.213626306553806
1580420372.81972,2.96025024795904,-1.0070954451819,0.213626306553806
1580420372.82371,3.08232242313261,-0.885023270008332,0.274662394140478
1580420372.8277,3.14335851071951,-0.70191500724809,0.213626306553806
1580420372.8317,3.32646677347975,-0.762951094834762,0.457770656900948
1580420372.83569,3.38750286106665,-0.823987182421661,0.457770656900948
1580420372.83969,3.38750286106665,-0.640878919661191,0.51880674448762
1580420372.84368,3.44853894865332,-0.640878919661191,0.51880674448762
1580420372.84767,3.20439459830618,-0.640878919661191,0.51880674448762
1580420372.85165,3.14335851071951,-0.70191500724809,0.457770656900948
1580420372.85565,2.96025024795904,-0.70191500724809,0.579842832074519
1580420372.85964,2.65506981002522,-0.579842832074519,0.457770656900948
1580420372.86364,2.59403372243833,-0.579842832074519,0.457770656900948
1580420372.86763,2.53299763485165,-0.51880674448762,0.335698481727377
1580420372.87162,2.53299763485165,-0.51880674448762,0.396734569314049
1580420372.87562,2.53299763485165,-0.579842832074519,0.335698481727377
1580420372.87961,2.53299763485165,-0.51880674448762,0.274662394140478
1580420372.88361,2.47196154726475,-0.579842832074519,0.213626306553806
1580420372.8876,2.28885328450451,-0.396734569314049,0.213626306553806
